{
    "Photoplannings": [
        {
            "PHOTO_SID": 47,
            "PHOTO_TITLE": "http://entpfepd01/PFEPDocs/PFEPAdmin/DEF/Container.png",
            "PHOTO_ORIGIN_SCREEN": "BOM",
            "CONTAINER_SID": 37,
            "PHOTO_TAB_NAME": "Tab 1",
            "DEFAULT_TAB": true,
            "ORG_ID": "DEF"
        },
        {
            "PHOTO_SID": 48,
            "PHOTO_TITLE": "http://entpfepd01/PFEPDocs/PFEPAdmin/DEF/Container1.png",
            "PHOTO_ORIGIN_SCREEN": "BOM",
            "CONTAINER_SID": 37,
            "PHOTO_TAB_NAME": "Tab 2",
            "DEFAULT_TAB": false,
            "ORG_ID": "MTM"
        },
        {
            "PHOTO_SID": 49,
            "PHOTO_TITLE": "http://entpfepd01/PFEPDocs/PFEPAdmin/DEF/download%20-%20Copy.jpg",
            "PHOTO_ORIGIN_SCREEN": "BOM",
            "CONTAINER_SID": 37,
            "PHOTO_TAB_NAME": "Tab 3",
            "DEFAULT_TAB": false,
            "ORG_ID": "DEF"
        },
        {
            "PHOTO_SID": 50,
            "PHOTO_TITLE": "http://entpfepd01/PFEPDocs/PFEPAdmin/DEF/Container1.png",
            "PHOTO_ORIGIN_SCREEN": "BOM",
           "CONTAINER_SID": 37,
            "PHOTO_TAB_NAME": "Tab 4",
            "DEFAULT_TAB": false,
            "ORG_ID": "MTM"
        }
    ],
    "StatusEntity": {
        "StatusType": "SUCCESS",
        "Message": "File has been saved successfully"
    }
}
