{"Demand Lists":[{"ITEM_ID" : "12600223",
    "TGT_WORK_CENTER_ID" : "S621",
    "FACILITY_ID" : "STH001",
    "DAILY_USAGE_OVERRIDE" : 10,
    "DAILY_DEMAND_QNTY" : 2000,
    "AVRG_DAILY_USAGE" : 10.5000,
    "PEAK_DAILY_USAGE" : 10.0000,
    "DURATION_OF_PEAK" : "12 Days",
    "STDRD_DEVIATION" : 7.500,
    "COEFFICIENT_OF_VARIATION" : 129,
    "USAGE_FREQUENCY" : "20%"},
    {"ITEM_ID" : "12600223",
    "TGT_WORK_CENTER_ID" : "S621",
    "FACILITY_ID" : "STH001",
    "DAILY_USAGE_OVERRIDE" : 10,
    "DAILY_DEMAND_QNTY" : 2000,
    "AVRG_DAILY_USAGE" : 10.5000,
    "PEAK_DAILY_USAGE" : 10.0000,
    "DURATION_OF_PEAK" : "12 Days",
    "STDRD_DEVIATION" : 7.500,
    "COEFFICIENT_OF_VARIATION" : 129,
    "USAGE_FREQUENCY" : "20%"},
    {"ITEM_ID" : "12600223",
    "TGT_WORK_CENTER_ID" : "S621",
    "FACILITY_ID" : "STH001",
    "DAILY_USAGE_OVERRIDE" : 10,
    "DAILY_DEMAND_QNTY" : 2000,
    "AVRG_DAILY_USAGE" : 10.5000,
    "PEAK_DAILY_USAGE" : 10.0000,
    "DURATION_OF_PEAK" : "12 Days",
    "STDRD_DEVIATION" : 7.500,
    "COEFFICIENT_OF_VARIATION" : 129,
    "USAGE_FREQUENCY" : "20%"}
  ]}