{
  "DEMAND_GAPS": [
    {
      "name": "Org ID",
      "key": "ORG_ID",
      "isEdit": false,
      "type": "dropdown",
      "maxLength": 10,
      "options": []
    },
    {
      "name": "Facility ID",
      "key": "FACILITY_ID",
      "isEdit": false,
      "type": "dropdown",
      "maxLength": 10,
      "options": []
    },
    {
      "name": "Demand Gap Length",
      "key": "DEMAND_GAP_LENGTH",
      "isEdit": true,
      "type": "number",
      "maxLength": 10,
      "min": 1,
      "max": 52,
      "numberType": "decimal"
    }
  ],
  "PFEP_SHORTAGE": [
    {
      "name": "Org ID",
      "key": "ORG_ID",
      "isEdit": false,
      "type": "dropdown",
      "maxLength": 10,
      "options": []
    },
    {
      "name": "Facility ID",
      "key": "FACILITY_ID",
      "isEdit": false,
      "type": "dropdown",
      "maxLength": 10,
      "options": []
    },
    {
      "name": "Over Tolerance %",
      "key": "PERCENT_OVER_TOLERANCE",
      "isEdit": true,
      "type": "number",
      "maxLength": 10,
      "max": 100,
      "min": 1,
      "numberType": "decimal"
    },
    {
      "name": "Under Tolerance %",
      "key": "PERCENT_UNDER_TOLERANCE",
      "isEdit": true,
      "type": "number",
      "maxLength": 10,
      "max": 100,
      "min": 1,
      "numberType": "decimal"
    },
    {
      "name": "Analysis Period Length(WK)",
      "key": "ANALYSIS_PERIOD_LENGTH",
      "isEdit": true,
      "type": "number",
      "maxLength": 10,
      "min": 1,
      "max": 52,
      "numberType": "integer"
    },
    {
      "name": "Duration to Exceed(WK)",
      "key": "DURATION_TO_EXCEED",
      "isEdit": true,
      "type": "number",
      "maxLength": 10,
      "min": 1,
      "max": 52,
      "numberType": "integer"
    }
  ],
  "ABC_CODE_DETERMINATION": [
    {
      "name": "Org ID",
      "key": "ORG_ID",
      "isEdit": false,
      "type": "dropdown",
      "maxLength": 10,
      "options": []
    },
    {
      "name": "Facility ID",
      "key": "FACILITY_ID",
      "isEdit": false,
      "type": "dropdown",
      "maxLength": 10,
      "options": []
    },
    {
      "name": "ABC Code",
      "key": "ABC_CODE",
      "isEdit": false,
      "type": "text",
      "options": [
        {
          "ABC_CODE": "A"
        },
        {
          "ABC_CODE": "B"
        },
        {
          "ABC_CODE": "C"
        },
        {
          "ABC_CODE": "D"
        },
        {
          "ABC_CODE": "E"
        }
      ],
      "disable": true
    },
    {
      "name": "Methodology",
      "key": "METHODOLOGY",
      "isEdit": true,
      "type": "dropdown",
      "options": [
        {
          "METHODOLOGY": "E"
        },
        {
          "METHODOLOGY": "P"
        }
      ],
      "disable": false
    },
    {
      "name": "Extended Cost %",
      "key": "PERCENT_EXTENDED_COST",
      "isEdit": true,
      "type": "number",
      "maxLength": 10,
      "max": 100,
      "min": 1,
      "numberType": "decimal"
    },
    {
      "name": "Piece Price($)",
      "key": "PIECE_PRICE",
      "isEdit": true,
      "type": "number",
      "maxLength": 10,
      "min": 1,
      "max": 999999999,
      "numberType": "decimal"
    }
  ],
  "Data": {
    "PFEP_SHORTAGE": {
      "AlertConfigList": [
        {
          "PFEP_SHORTAGE_SID": "1",
          "ORG_ID": "DEF",
          "FACILITY_ID": "STH001",
          "PERCENT_OVER_TOLERANCE": "30",
          "PERCENT_UNDER_TOLERANCE": "80",
          "ANALYSIS_PERIOD_LENGTH": "8",
          "DURATION_TO_EXCEED": "3"
        },
        {
          "PFEP_SHORTAGE_SID": "2",
          "ORG_ID": "DEF",
          "FACILITY_ID": "NTH001",
          "PERCENT_OVER_TOLERANCE": "30",
          "PERCENT_UNDER_TOLERANCE": "80",
          "ANALYSIS_PERIOD_LENGTH": "8",
          "DURATION_TO_EXCEED": "3"
        },
        {
          "PFEP_SHORTAGE_SID": "3",
          "ORG_ID": "DEF",
          "FACILITY_ID": "TBA001",
          "PERCENT_OVER_TOLERANCE": "30",
          "PERCENT_UNDER_TOLERANCE": "80",
          "ANALYSIS_PERIOD_LENGTH": "8",
          "DURATION_TO_EXCEED": "3"
        }
      ]
    },
    "ABC_CODE_DETERMINATION": {
      "AlertConfigList": [
        {
          "ABC_CODE_DETERMINATION_SID": "1",
          "ORG_ID": "DEF",
          "FACILITY_ID": "STH001",
          "ABC_CODE": "A",
          "PERCENT_EXTENDED_COST": "80",
          "PIECE_PRICE": "",
          "METHODOLOGY": "E"
        },
        {
          "ABC_CODE_DETERMINATION_SID": "2",
          "ORG_ID": "DEF",
          "FACILITY_ID": "STH001",
          "ABC_CODE": "B",
          "PERCENT_EXTENDED_COST": "15",
          "PIECE_PRICE": "",
          "METHODOLOGY": "E"
        },
        {
          "ABC_CODE_DETERMINATION_SID": "3",
          "ORG_ID": "DEF",
          "FACILITY_ID": "STH001",
          "ABC_CODE": "C",
          "PERCENT_EXTENDED_COST": "5",
          "PIECE_PRICE": "",
          "METHODOLOGY": "E"
        },
        {
          "ABC_CODE_DETERMINATION_SID": "4",
          "ORG_ID": "DEF",
          "FACILITY_ID": "NTH001",
          "ABC_CODE": "A",
          "PERCENT_EXTENDED_COST": "80",
          "PIECE_PRICE": "300",
          "METHODOLOGY": "P"
        },
        {
          "ABC_CODE_DETERMINATION_SID": "5",
          "ORG_ID": "DEF",
          "FACILITY_ID": "TBA001",
          "ABC_CODE": "A",
          "PERCENT_EXTENDED_COST": "80",
          "PIECE_PRICE": "200",
          "METHODOLOGY": "P"
        }
      ]
    },
    "DEMAND_GAPS": {
      "AlertConfigList": [
        {
          "DEMAND_GAP_SID": "1",
          "ORG_ID": "DEF",
          "FACILITY_ID": "STH001",
          "DEMAND_GAP_LENGTH": "6"
        },
        {
          "DEMAND_GAP_SID": "2",
          "ORG_ID": "DEF",
          "FACILITY_ID": "NTH001",
          "DEMAND_GAP_LENGTH": "3"
        },
        {
          "DEMAND_GAP_SID": "3",
          "ORG_ID": "DEF",
          "FACILITY_ID": "TBA001",
          "DEMAND_GAP_LENGTH": "4"
        }
      ]
    }
  },
  "Options": {
    "ABC_CODE": ["A", "B", "C"],
    "METHODOLOGY": ["E", "P"]
  }
}
