{
    "Demand": [
        {
            "ITEM_ID": "12600223",
            "TGT_WORK_CENTER_ID": "S621",
            "FACILITY_ID": "STH001",
            "DAILY_USAGE_OVERRIDE": 10,
            "DAILY_DEMAND_QNTY": 2000,
            "AVRG_DAILY_USAGE": 5,
            "PEAK_DAILY_USAGE": 7,
            "DURATION_OF_PEAK": "5 Days",
            "STDRD_DEVIATION": 7.500,
            "COEFFICIENT_OF_VARIATION": 129,
            "USAGE_FREQUENCY": "20%"
        }
    ],
    "Legend": [
        {
            "FIRST_DEMAND_DATE": "2019-01-01 00:00:00.000",
            "LAST_DEMAND_DATE": "2019-12-31 00:00:00.000",
            "AVRG_DAILY_USAGE": 5,
            "PEAK_DAILY_USAGE": 7,
            "DURATION_OF_PEAK": "5 Days",
            "STDRD_DEVIATION": 7.500,
            "COEFFICIENT_OF_VARIATION": 129,
            "USAGE_FREQUENCY": "20%"
        }
    ],
    "ITEM_ID": "12600223",
    "X_START_DATE": "2019-01-01 00:00:00.000",
    "X_END_DATE": "2019-12-31 00:00:00.000",
    "ItemPlans": [
        {
            "ITEM_PLAN_ID": "99999",
            "EFFECTIVE_DATE": "2019-01-16 00:00:00.000",
            "EXPIRE_DATE": "2019-03-30 00:00:00.000"
        }
    ],
    "BlueWindow": {
        "DEMAND_START_DATE": "2019-03-01 00:00:00.000",
        "DEMAND_END_DATE": "2019-03-15 00:00:00.000"
    },
    "EXPECTED_DELIVERY_DATE": "2019-05-08 00:00:00.000",
    "Graph": {
        "AVRG_DAILY_USAGE": 5,
        "PEAK_DAILY_USAGE": 7,
        "Axis": [
            {
                "X": "1/2/2019 00:00:00.000",
                "Y": 6
            },
            {
                "X": "1/3/2019 00:00:00.000",
                "Y": 6
            },
            {
                "X": "1/4/2019 00:00:00.000",
                "Y": 6
            },
            {
                "X": "1/7/2019 00:00:00.000",
                "Y": 6
            },
            {
                "X": "1/8/2019 00:00:00.000",
                "Y": 6
            },
            {
                "X": "1/9/2019 00:00:00.000",
                "Y": 8
            },
            {
                "X": "1/10/2019 00:00:00.000",
                "Y": 7
            },
            {
                "X": "1/1/2019 00:00:00.000",
                "Y": 7
            },
            {
                "X": "1/14/2019 00:00:00.000",
                "Y": 7
            },
            {
                "X": "1/15/2019 00:00:00.000",
                "Y": 7
            },
            {
                "X": "1/16/2019 00:00:00.000",
                "Y": 7
            },
            {
                "X": "1/17/2019 00:00:00.000",
                "Y": 7
            },
            {
                "X": "1/18/2019 00:00:00.000",
                "Y": 7
            },
            {
                "X": "1/2/2019 00:00:00.000",
                "Y": 7
            },
            {
                "X": "1/22/2019 00:00:00.000",
                "Y": 8
            },
            {
                "X": "1/23/2019 00:00:00.000",
                "Y": 7
            },
            {
                "X": "1/24/2019 00:00:00.000",
                "Y": 9
            },
            {
                "X": "1/25/2019 00:00:00.000",
                "Y": 9
            },
            {
                "X": "1/28/2019 00:00:00.000",
                "Y": 7
            },
            {
                "X": "1/29/2019 00:00:00.000",
                "Y": 9
            },
            {
                "X": "1/30/2019 00:00:00.000",
                "Y": 7
            },
            {
                "X": "1/31/2019 00:00:00.000",
                "Y": 9
            },
            {
                "X": "2/1/2019 00:00:00.000",
                "Y": 7
            },
            {
                "X": "2/2/2019 00:00:00.000",
                "Y": 6
            },
            {
                "X": "2/4/2019 00:00:00.000",
                "Y": 7
            },
            {
                "X": "2/5/2019 00:00:00.000",
                "Y": 9
            },
            {
                "X": "2/6/2019 00:00:00.000",
                "Y": 7
            },
            {
                "X": "2/7/2019 00:00:00.000",
                "Y": 9
            },
            {
                "X": "2/8/2019 00:00:00.000",
                "Y": 6
            },
            {
                "X": "2/11/2019 00:00:00.000",
                "Y": 7
            },
            {
                "X": "2/12/2019 00:00:00.000",
                "Y": 9
            },
            {
                "X": "2/13/2019 00:00:00.000",
                "Y": 7
            },
            {
                "X": "2/14/2019 00:00:00.000",
                "Y": 9
            },
            {
                "X": "2/15/2019 00:00:00.000",
                "Y": 6
            },
            {
                "X": "2/18/2019 00:00:00.000",
                "Y": 7
            },
            {
                "X": "2/19/2019 00:00:00.000",
                "Y": 9
            },
            {
                "X": "2/20/2019 00:00:00.000",
                "Y": 7
            },
            {
                "X": "2/21/2019 00:00:00.000",
                "Y": 9
            },
            {
                "X": "2/22/2019 00:00:00.000",
                "Y": 7
            },
            {
                "X": "2/25/2019 00:00:00.000",
                "Y": 8
            },
            {
                "X": "2/26/2019 00:00:00.000",
                "Y": 9
            },
            {
                "X": "2/27/2019 00:00:00.000",
                "Y": 7
            },
            {
                "X": "2/28/2019 00:00:00.000",
                "Y": 9
            },
            {
                "X": "3/1/2019 00:00:00.000",
                "Y": 7
            },
            {
                "X": "3/4/2019 00:00:00.000",
                "Y": 7
            },
            {
                "X": "3/5/2019 00:00:00.000",
                "Y": 9
            },
            {
                "X": "3/6/2019 00:00:00.000",
                "Y": 7
            },
            {
                "X": "3/7/2019 00:00:00.000",
                "Y": 9
            },
            {
                "X": "3/8/2019 00:00:00.000",
                "Y": 7
            },
            {
                "X": "3/11/2019 00:00:00.000",
                "Y": 8
            },
            {
                "X": "3/12/2019 00:00:00.000",
                "Y": 9
            },
            {
                "X": "3/13/2019 00:00:00.000",
                "Y": 7
            },
            {
                "X": "3/14/2019 00:00:00.000",
                "Y": 9
            },
            {
                "X": "3/15/2019 00:00:00.000",
                "Y": 7
            },
            {
                "X": "3/18/2019 00:00:00.000",
                "Y": 7
            },
            {
                "X": "3/19/2019 00:00:00.000",
                "Y": 9
            },
            {
                "X": "3/20/2019 00:00:00.000",
                "Y": 8
            },
            {
                "X": "3/21/2019 00:00:00.000",
                "Y": 9
            },
            {
                "X": "3/22/2019 00:00:00.000",
                "Y": 7
            },
            {
                "X": "3/25/2019 00:00:00.000",
                "Y": 7
            },
            {
                "X": "3/26/2019 00:00:00.000",
                "Y": 9
            },
            {
                "X": "3/27/2019 00:00:00.000",
                "Y": 8
            },
            {
                "X": "3/28/2019 00:00:00.000",
                "Y": 9
            },
            {
                "X": "3/29/2019 00:00:00.000",
                "Y": 7
            },
            {
                "X": "4/1/2019 00:00:00.000",
                "Y": 8
            },
            {
                "X": "4/2/2019 00:00:00.000",
                "Y": 9
            },
            {
                "X": "4/3/2019 00:00:00.000",
                "Y": 7
            },
            {
                "X": "4/4/2019 00:00:00.000",
                "Y": 10
            },
            {
                "X": "4/5/2019 00:00:00.000",
                "Y": 7
            },
            {
                "X": "4/8/2019 00:00:00.000",
                "Y": 7
            },
            {
                "X": "4/9/2019 00:00:00.000",
                "Y": 10
            },
            {
                "X": "4/10/2019 00:00:00.000",
                "Y": 7
            },
            {
                "X": "4/11/2019 00:00:00.000",
                "Y": 8
            },
            {
                "X": "4/12/2019 00:00:00.000",
                "Y": 8
            },
            {
                "X": "4/15/2019 00:00:00.000",
                "Y": 9
            },
            {
                "X": "4/16/2019 00:00:00.000",
                "Y": 7
            },
            {
                "X": "4/17/2019 00:00:00.000",
                "Y": 10
            },
            {
                "X": "4/18/2019 00:00:00.000",
                "Y": 7
            },
            {
                "X": "4/22/2019 00:00:00.000",
                "Y": 7
            },
            {
                "X": "4/23/2019 00:00:00.000",
                "Y": 10
            },
            {
                "X": "4/24/2019 00:00:00.000",
                "Y": 7
            },
            {
                "X": "4/25/2019 00:00:00.000",
                "Y": 9
            },
            {
                "X": "4/26/2019 00:00:00.000",
                "Y": 8
            },
            {
                "X": "4/29/2019 00:00:00.000",
                "Y": 7
            },
            {
                "X": "4/30/2019 00:00:00.000",
                "Y": 9
            },
            {
                "X": "5/1/2019 00:00:00.000",
                "Y": 9
            },
            {
                "X": "5/2/2019 00:00:00.000",
                "Y": 8
            },
            {
                "X": "5/3/2019 00:00:00.000",
                "Y": 8
            },
            {
                "X": "5/6/2019 00:00:00.000",
                "Y": 7
            },
            {
                "X": "5/7/2019 00:00:00.000",
                "Y": 9
            },
            {
                "X": "5/8/2019 00:00:00.000",
                "Y": 8
            },
            {
                "X": "5/9/2019 00:00:00.000",
                "Y": 9
            },
            {
                "X": "5/10/2019 00:00:00.000",
                "Y": 8
            },
            {
                "X": "5/13/2019 00:00:00.000",
                "Y": 8
            },
            {
                "X": "5/14/2019 00:00:00.000",
                "Y": 9
            },
            {
                "X": "5/15/2019 00:00:00.000",
                "Y": 9
            },
            {
                "X": "5/16/2019 00:00:00.000",
                "Y": 9
            },
            {
                "X": "5/17/2019 00:00:00.000",
                "Y": 9
            },
            {
                "X": "5/20/2019 00:00:00.000",
                "Y": 8
            },
            {
                "X": "5/21/2019 00:00:00.000",
                "Y": 12
            },
            {
                "X": "5/22/2019 00:00:00.000",
                "Y": 8
            },
            {
                "X": "5/23/2019 00:00:00.000",
                "Y": 10
            },
            {
                "X": "5/24/2019 00:00:00.000",
                "Y": 10
            },
            {
                "X": "5/28/2019 00:00:00.000",
                "Y": 10
            },
            {
                "X": "5/29/2019 00:00:00.000",
                "Y": 10
            },
            {
                "X": "5/30/2019 00:00:00.000",
                "Y": 9
            },
            {
                "X": "5/31/2019 00:00:00.000",
                "Y": 10
            },
            {
                "X": "6/3/2019 00:00:00.000",
                "Y": 9
            },
            {
                "X": "6/4/2019 00:00:00.000",
                "Y": 10
            },
            {
                "X": "6/5/2019 00:00:00.000",
                "Y": 10
            },
            {
                "X": "6/6/2019 00:00:00.000",
                "Y": 10
            },
            {
                "X": "6/7/2019 00:00:00.000",
                "Y": 10
            },
            {
                "X": "6/10/2019 00:00:00.000",
                "Y": 10
            },
            {
                "X": "6/11/2019 00:00:00.000",
                "Y": 10
            },
            {
                "X": "6/12/2019 00:00:00.000",
                "Y": 10
            },
            {
                "X": "6/13/2019 00:00:00.000",
                "Y": 10
            },
            {
                "X": "6/14/2019 00:00:00.000",
                "Y": 10
            },
            {
                "X": "6/17/2019 00:00:00.000",
                "Y": 10
            },
            {
                "X": "6/18/2019 00:00:00.000",
                "Y": 10
            },
            {
                "X": "6/19/2019 00:00:00.000",
                "Y": 10
            },
            {
                "X": "6/20/2019 00:00:00.000",
                "Y": 10
            },
            {
                "X": "6/21/2019 00:00:00.000",
                "Y": 10
            },
            {
                "X": "6/24/2019 00:00:00.000",
                "Y": 11
            },
            {
                "X": "6/25/2019 00:00:00.000",
                "Y": 10
            },
            {
                "X": "6/26/2019 00:00:00.000",
                "Y": 11
            },
            {
                "X": "6/27/2019 00:00:00.000",
                "Y": 10
            },
            {
                "X": "6/28/2019 00:00:00.000",
                "Y": 11
            },
            {
                "X": "7/8/2019 00:00:00.000",
                "Y": 10
            },
            {
                "X": "7/9/2019 00:00:00.000",
                "Y": 11
            },
            {
                "X": "7/10/2019 00:00:00.000",
                "Y": 10
            },
            {
                "X": "7/11/2019 00:00:00.000",
                "Y": 10
            },
            {
                "X": "7/16/2019 00:00:00.000",
                "Y": 1
            },
            {
                "X": "7/22/2019 00:00:00.000",
                "Y": 6
            }
        ]
    }
}