[{
    "containerCode": 14528,
    "containerCategory": "Package",
    "Description": "Shipped",
    "Supplier": "Oshkosh",
    "innerHeight": 14,
    "innerLength": 15,
    "innerWidth": 74,
    "outerHeight": 85,
    "outerLength": 74,
    "outerWidth": 12,
    "Weight": 52
},
{
    "containerCode": 11205,
    "containerCategory": "Package",
    "Description": "Shipped",
    "Supplier": "Oshkosh",
    "innerHeight": 14,
    "innerLength": 15,
    "innerWidth": 74,
    "outerHeight": 85,
    "outerLength": 74,
    "outerWidth": 12,
    "Weight": 52
}
]